[
  {
    "model": "district.district",
    "pk": 1,
    "fields": {
      "name": "Arganzuela",
      "postal_code": "28045"
    }
  },
  {
    "model": "district.district",
    "pk": 2,
    "fields": {
      "name": "Alcala",
      "postal_code": "28801"
    }
  },
  {
    "model": "district.district",
    "pk": 3,
    "fields": {
      "name": "Centro",
      "postal_code": "28012"
    }
  },
  {
    "model": "district.district",
    "pk": 4,
    "fields": {
      "name": "Retiro",
      "postal_code": "28007"
    }
  },
  {
    "model": "district.district",
    "pk": 5,
    "fields": {
      "name": "Salamanca",
      "postal_code": "28006"
    }
  },
  {
    "model": "district.district",
    "pk": 6,
    "fields": {
      "name": "Chamartín",
      "postal_code": "28016"
    }
  },
  {
    "model": "district.district",
    "pk": 7,
    "fields": {
      "name": "Tetuán",
      "postal_code": "28020"
    }
  },
  {
    "model": "district.district",
    "pk": 8,
    "fields": {
      "name": "Chamberí",
      "postal_code": "28010"
    }
  },
  {
    "model": "district.district",
    "pk": 9,
    "fields": {
      "name": "Fuencarral-El Pardo",
      "postal_code": "28049"
    }
  },
  {
    "model": "district.district",
    "pk": 10,
    "fields": {
      "name": "Moncloa-Aravaca",
      "postal_code": "28008"
    }
  },
  {
    "model": "district.district",
    "pk": 11,
    "fields": {
      "name": "Latina",
      "postal_code": "28025"
    }
  },
  {
    "model": "district.district",
    "pk": 12,
    "fields": {
      "name": "Carabanchel",
      "postal_code": "28025"
    }
  },
  {
    "model": "district.district",
    "pk": 13,
    "fields": {
      "name": "Usera",
      "postal_code": "28026"
    }
  },
  {
    "model": "district.district",
    "pk": 14,
    "fields": {
      "name": "Puente de Vallecas",
      "postal_code": "28053"
    }
  },
  {
    "model": "district.district",
    "pk": 15,
    "fields": {
      "name": "Moratalaz",
      "postal_code": "28030"
    }
  },
  {
    "model": "district.district",
    "pk": 16,
    "fields": {
      "name": "Ciudad Lineal",
      "postal_code": "28027"
    }
  },
  {
    "model": "district.district",
    "pk": 17,
    "fields": {
      "name": "Hortaleza",
      "postal_code": "28033"
    }
  },
  {
    "model": "district.district",
    "pk": 18,
    "fields": {
      "name": "Villaverde",
      "postal_code": "28021"
    }
  },
  {
    "model": "district.district",
    "pk": 19,
    "fields": {
      "name": "Villa de Vallecas",
      "postal_code": "28031"
    }
  },
  {
    "model": "district.district",
    "pk": 20,
    "fields": {
      "name": "Vicálvaro",
      "postal_code": "28032"
    }
  },
  {
    "model": "district.district",
    "pk": 21,
    "fields": {
      "name": "San Blas-Canillejas",
      "postal_code": "28037"
    }
  },
  {
    "model": "district.district",
    "pk": 22,
    "fields": {
      "name": "Barajas",
      "postal_code": "28042"
    }
  },
  {
    "model": "user.customuser",
    "pk": 1,
    "fields": {
      "password": "pbkdf2_sha256$1000000$dPrbKHHnco5wicrVGwmuZN$w5A7unK9Llk8pP+93jb9MhuTJBUgT7EWXDgiaiOo1FY=",
      "last_login": "2025-05-09T15:14:33.590Z",
      "is_superuser": true,
      "username": "Bea",
      "first_name": "Ana julia",
      "last_name": "Renovada",
      "email": "beatrizs0910@hotmail.com",
      "is_staff": true,
      "is_active": true,
      "date_joined": "2025-03-26T12:12:27Z",
      "phone_number": "626221237",
      "points": 200,
      "district": 4,
      "profile_image": "data:image/svg+xml,%3Csvg xmlns='http://www.w3.org/2000/svg' viewBox='0 0 24 24' fill='%23999'%3E%3Cpath d='M12 2C6.48 2 2 6.48 2 12s4.48 10 10 10 10-4.48 10-10S17.52 2 12 2zm0 3c1.66 0 3 1.34 3 3s-1.34 3-3 3-3-1.34-3-3 1.34-3 3-3zm0 14.2c-2.5 0-4.71-1.28-6-3.22.03-1.99 4-3.08 6-3.08 1.99 0 5.97 1.09 6 3.08-1.29 1.94-3.5 3.22-6 3.22z'/%3E%3C/svg%3E",
      "groups": [],
      "user_permissions": []
    }
  },
  {
    "model": "user.customuser",
    "pk": 2,
    "fields": {
      "password": "pbkdf2_sha256$1000000$QT2HHio1bBMQxVNPPUs8H4$ECsXtb6DAZR3XzVYxe2HnVrURlALcvcst+LLJlGL3wI=",
      "last_login": null,
      "is_superuser": false,
      "username": "usuario 2",
      "first_name": "apellido 2",
      "last_name": "Apellido 2",
      "email": "beatriz.sobrino.paredes@gmail.com",
      "is_staff": false,
      "is_active": true,
      "date_joined": "2025-04-03T15:44:39.151Z",
      "phone_number": "626221237",
      "points": 200,
      "district": 2,
      "profile_image": "data:image/svg+xml,%3Csvg xmlns='http://www.w3.org/2000/svg' viewBox='0 0 24 24' fill='%23999'%3E%3Cpath d='M12 2C6.48 2 2 6.48 2 12s4.48 10 10 10 10-4.48 10-10S17.52 2 12 2zm0 3c1.66 0 3 1.34 3 3s-1.34 3-3 3-3-1.34-3-3 1.34-3 3-3zm0 14.2c-2.5 0-4.71-1.28-6-3.22.03-1.99 4-3.08 6-3.08 1.99 0 5.97 1.09 6 3.08-1.29 1.94-3.5 3.22-6 3.22z'/%3E%3C/svg%3E",
      "groups": [],
      "user_permissions": []
    }
  },
  {
    "model": "user.customuser",
    "pk": 3,
    "fields": {
      "password": "pbkdf2_sha256$1000000$OZPMz3RQ1sRhoR1CjSPLcM$Q6Izk5g0fuXaYGzHgkogfUZ4MZ3ZlbKJ4NiYMmR8Neg=",
      "last_login": "2025-04-03T15:57:18.333Z",
      "is_superuser": false,
      "username": "usuario 3",
      "first_name": "Usuario 3",
      "last_name": "Apellido 3",
      "email": "beatriz.sobrino.paredes@gmail.com",
      "is_staff": false,
      "is_active": true,
      "date_joined": "2025-04-03T15:56:46.130Z",
      "phone_number": "656656656",
      "points": 200,
      "district": 6,
      "profile_image": "data:image/svg+xml,%3Csvg xmlns='http://www.w3.org/2000/svg' viewBox='0 0 24 24' fill='%23999'%3E%3Cpath d='M12 2C6.48 2 2 6.48 2 12s4.48 10 10 10 10-4.48 10-10S17.52 2 12 2zm0 3c1.66 0 3 1.34 3 3s-1.34 3-3 3-3-1.34-3-3 1.34-3 3-3zm0 14.2c-2.5 0-4.71-1.28-6-3.22.03-1.99 4-3.08 6-3.08 1.99 0 5.97 1.09 6 3.08-1.29 1.94-3.5 3.22-6 3.22z'/%3E%3C/svg%3E",
      "groups": [],
      "user_permissions": []
    }
  },
  {
    "model": "user.customuser",
    "pk": 4,
    "fields": {
      "password": "pbkdf2_sha256$1000000$AAVVgHHns0eIVKtRhjVLM7$Qi4QciGMvsiEOZ1xXcybkW5MpuZi1K55ANO1r3/WN9o=",
      "last_login": "2025-04-04T15:57:33.200Z",
      "is_superuser": false,
      "username": "beatriz.sobrino.paredes+2@gmail.com",
      "first_name": "Usuario 4",
      "last_name": "Usuario 4",
      "email": "beatriz.sobrino.paredes+2@gmail.com",
      "is_staff": false,
      "is_active": true,
      "date_joined": "2025-04-04T15:56:58.874Z",
      "phone_number": "666666666",
      "points": 200,
      "district": 5,
      "profile_image": "data:image/svg+xml,%3Csvg xmlns='http://www.w3.org/2000/svg' viewBox='0 0 24 24' fill='%23999'%3E%3Cpath d='M12 2C6.48 2 2 6.48 2 12s4.48 10 10 10 10-4.48 10-10S17.52 2 12 2zm0 3c1.66 0 3 1.34 3 3s-1.34 3-3 3-3-1.34-3-3 1.34-3 3-3zm0 14.2c-2.5 0-4.71-1.28-6-3.22.03-1.99 4-3.08 6-3.08 1.99 0 5.97 1.09 6 3.08-1.29 1.94-3.5 3.22-6 3.22z'/%3E%3C/svg%3E",
      "groups": [],
      "user_permissions": []
    }
  },
  {
    "model": "favor.favor",
    "pk": 7,
    "fields": {
      "type": "COOKING",
      "description": "Favor 7",
      "publication_date": "2025-04-09T15:19:07.613Z",
      "deadline": "2025-06-23T00:00:00Z",
      "status": "PENDING",
      "creator": 2,
      "assigned_user": null,
      "points": 10,
      "title": "Favor 7",
      "district": 6
    }
  },
  {
    "model": "favor.favor",
    "pk": 8,
    "fields": {
      "type": "COOKING",
      "description": "Favor 8",
      "publication_date": "2025-04-09T15:20:47.279Z",
      "deadline": "2025-06-06T00:00:00Z",
      "status": "PENDING",
      "creator": 2,
      "assigned_user": null,
      "points": 10,
      "title": "Favor 8",
      "district": 1
    }
  },
  {
    "model": "favor.favor",
    "pk": 9,
    "fields": {
      "type": "SHOPPING",
      "description": "Favor 9",
      "publication_date": "2025-04-09T15:39:22.677Z",
      "deadline": "2025-06-09T15:39:18Z",
      "status": "PENDING",
      "creator": 2,
      "assigned_user": null,
      "points": 10,
      "title": "Favor 9",
      "district": 10
    }
  },
  {
    "model": "favor.favor",
    "pk": 10,
    "fields": {
      "type": "COOKING",
      "description": "Favor 10",
      "publication_date": "2025-04-09T15:39:43.975Z",
      "deadline": "2025-06-16T15:39:41Z",
      "status": "PENDING",
      "creator": 2,
      "assigned_user": null,
      "points": 10,
      "title": "Favor 10",
      "district": 1
    }
  },
  {
    "model": "favor.favor",
    "pk": 11,
    "fields": {
      "type": "CLASS",
      "description": "Favor 11",
      "publication_date": "2025-04-09T15:40:35.747Z",
      "deadline": "2025-06-09T15:40:33Z",
      "status": "PENDING",
      "creator": 2,
      "assigned_user": null,
      "points": 10,
      "title": "Favor 11",
      "district": 2
    }
  },
  {
    "model": "favor.favor",
    "pk": 12,
    "fields": {
      "type": "COOKING",
      "description": "Favor 12",
      "publication_date": "2025-04-10T10:20:00Z",
      "deadline": "2025-06-20T00:00:00Z",
      "status": "PENDING",
      "creator": 2,
      "assigned_user": null,
      "points": 10,
      "title": "Favor 12",
      "district": 1
    }
  },
  {
    "model": "favor.favor",
    "pk": 13,
    "fields": {
      "type": "CLASS",
      "description": "Favor 13",
      "publication_date": "2025-04-10T10:25:00Z",
      "deadline": "2025-06-25T00:00:00Z",
      "status": "PENDING",
      "creator": 2,
      "assigned_user": null,
      "points": 10,
      "title": "Favor 13",
      "district": 1
    }
  },
  {
    "model": "favor.favor",
    "pk": 14,
    "fields": {
      "type": "TRANSPORT",
      "description": "Favor 14",
      "publication_date": "2025-04-10T10:30:00Z",
      "deadline": "2025-06-22T00:00:00Z",
      "status": "PENDING",
      "creator": 2,
      "assigned_user": null,
      "points": 10,
      "title": "Favor 14",
      "district": 2
    }
  },
  {
    "model": "favor.favor",
    "pk": 15,
    "fields": {
      "type": "COOKING",
      "description": "Favor 15",
      "publication_date": "2025-04-10T10:35:00Z",
      "deadline": "2025-06-18T00:00:00Z",
      "status": "PENDING",
      "creator": 2,
      "assigned_user": null,
      "points": 10,
      "title": "Favor 15",
      "district": 2
    }
  },
  {
    "model": "favor.favor",
    "pk": 16,
    "fields": {
      "type": "CLASS",
      "description": "Favor 16",
      "publication_date": "2025-04-10T10:40:00Z",
      "deadline": "2025-06-27T00:00:00Z",
      "status": "PENDING",
      "creator": 2,
      "assigned_user": null,
      "points": 10,
      "title": "Favor 16",
      "district": 1
    }
  },
  {
    "model": "favor.favor",
    "pk": 17,
    "fields": {
      "type": "ERRANDS",
      "description": "Favor 17",
      "publication_date": "2025-04-10T10:45:00Z",
      "deadline": "2025-06-24T00:00:00Z",
      "status": "PENDING",
      "creator": 3,
      "assigned_user": null,
      "points": 10,
      "title": "Favor 17",
      "district": 19
    }
  },
  {
    "model": "favor.favor",
    "pk": 18,
    "fields": {
      "type": "HOME",
      "description": "Favor 18",
      "publication_date": "2025-04-10T10:50:00Z",
      "deadline": "2025-06-19T00:00:00Z",
      "status": "PENDING",
      "creator": 3,
      "assigned_user": null,
      "points": 10,
      "title": "Favor 18",
      "district": 19
    }
  },
  {
    "model": "favor.favor",
    "pk": 19,
    "fields": {
      "type": "CLASS",
      "description": "Favor 19",
      "publication_date": "2025-04-10T10:55:00Z",
      "deadline": "2025-06-26T00:00:00Z",
      "status": "PENDING",
      "creator": 3,
      "assigned_user": null,
      "points": 10,
      "title": "Favor 19",
      "district": 19
    }
  },
  {
    "model": "favor.favor",
    "pk": 20,
    "fields": {
      "type": "COOKING",
      "description": "Favor 20",
      "publication_date": "2025-04-16T17:08:11.171Z",
      "deadline": "2025-06-30T17:07:54Z",
      "status": "PENDING",
      "creator": 3,
      "assigned_user": null,
      "points": 10,
      "title": "Favor 20",
      "district": 1
    }
  },
  {
    "model": "favor.favor",
    "pk": 21,
    "fields": {
      "type": "COOKING",
      "description": "Favor 21",
      "publication_date": "2025-04-16T22:14:41.029Z",
      "deadline": "2025-06-16T00:00:00Z",
      "status": "PENDING",
      "creator": 3,
      "assigned_user": null,
      "points": 10,
      "title": "Favor 21",
      "district": 1
    }
  },
  {
    "model": "favor.favor",
    "pk": 22,
    "fields": {
      "type": "COOKING",
      "description": "Favor 22",
      "publication_date": "2025-04-16T22:18:01.562Z",
      "deadline": "2025-06-22T00:00:00Z",
      "status": "PENDING",
      "creator": 4,
      "assigned_user": null,
      "points": 10,
      "title": "Favor 22",
      "district": 1
    }
  },
  {
    "model": "favor.favor",
    "pk": 23,
    "fields": {
      "type": "COOKING",
      "description": "Favor 23",
      "publication_date": "2025-04-16T22:20:21.322Z",
      "deadline": "2025-06-29T00:00:00Z",
      "status": "PENDING",
      "creator": 4,
      "assigned_user": null,
      "points": 10,
      "title": "Favor 23",
      "district": 1
    }
  },
  {
    "model": "favor.favor",
    "pk": 24,
    "fields": {
      "type": "COOKING",
      "description": "Favor 24",
      "publication_date": "2025-04-16T22:23:02.163Z",
      "deadline": "2025-06-25T00:00:00Z",
      "status": "PENDING",
      "creator": 4,
      "assigned_user": null,
      "points": 10,
      "title": "Favor 24",
      "district": 1
    }
  },
  {
    "model": "favor.favor",
    "pk": 25,
    "fields": {
      "type": "COOKING",
      "description": "Favor 25",
      "publication_date": "2025-04-20T23:29:49.933Z",
      "deadline": "2025-06-24T00:00:00Z",
      "status": "PENDING",
      "creator": 4,
      "assigned_user": null,
      "points": 10,
      "title": "Favor 25",
      "district": 1
    }
  },
  {
    "model": "favor.favor",
    "pk": 26,
    "fields": {
      "type": "COOKING",
      "description": "Favor 26",
      "publication_date": "2025-04-20T23:38:32.480Z",
      "deadline": "2025-06-27T00:00:00Z",
      "status": "PENDING",
      "creator": 4,
      "assigned_user": null,
      "points": 10,
      "title": "Favor 26",
      "district": 1
    }
  },
  {
    "model": "favor.favor",
    "pk": 27,
    "fields": {
      "type": "HOME",
      "description": "Favor 27",
      "publication_date": "2025-04-24T15:31:34.189Z",
      "deadline": "2025-06-25T15:31:27Z",
      "status": "PENDING",
      "creator": 1,
      "assigned_user": null,
      "points": 10,
      "title": "Favor 27",
      "district": 1
    }
  },
  {
    "model": "favor.favor",
    "pk": 28,
    "fields": {
      "type": "COOKING",
      "description": "Favor 28",
      "publication_date": "2025-04-24T15:38:14.844Z",
      "deadline": "2025-06-26T00:00:00Z",
      "status": "PENDING",
      "creator": 1,
      "assigned_user": null,
      "points": 10,
      "title": "Favor 28",
      "district": 1
    }
  },
  {
    "model": "favor.favor",
    "pk": 29,
    "fields": {
      "type": "COOKING",
      "description": "Favor 29",
      "publication_date": "2025-04-24T15:44:05.351Z",
      "deadline": "2025-06-25T00:00:00Z",
      "status": "PENDING",
      "creator": 1,
      "assigned_user": null,
      "points": 10,
      "title": "Favor 29",
      "district": 1
    }
  },
  {
    "model": "favor.favor",
    "pk": 30,
    "fields": {
      "type": "COOKING",
      "description": "Favor 30",
      "publication_date": "2025-04-24T15:44:36.323Z",
      "deadline": "2025-06-26T00:00:00Z",
      "status": "PENDING",
      "creator": 1,
      "assigned_user": null,
      "points": 10,
      "title": "Favor 30",
      "district": 1
    }
  },
  {
    "model": "favor.favor",
    "pk": 31,
    "fields": {
      "type": "COOKING",
      "description": "Favor 31",
      "publication_date": "2025-04-24T15:45:35.603Z",
      "deadline": "2025-06-26T00:00:00Z",
      "status": "PENDING",
      "creator": 1,
      "assigned_user": null,
      "points": 10,
      "title": "Favor 31",
      "district": 1
    }
  },
  {
    "model": "favor.favor",
    "pk": 32,
    "fields": {
      "type": "COOKING",
      "description": "Favor 32",
      "publication_date": "2025-04-24T15:46:35.530Z",
      "deadline": "2025-06-24T00:00:00Z",
      "status": "PENDING",
      "creator": 1,
      "assigned_user": null,
      "points": 10,
      "title": "Favor 32",
      "district": 1
    }
  },
  {
    "model": "favor.favor",
    "pk": 33,
    "fields": {
      "type": "COOKING",
      "description": "Favor 33",
      "publication_date": "2025-04-24T15:47:15.435Z",
      "deadline": "2025-06-25T00:00:00Z",
      "status": "PENDING",
      "creator": 1,
      "assigned_user": null,
      "points": 10,
      "title": "Favor 33",
      "district": 1
    }
  },
  {
    "model": "favor.favor",
    "pk": 34,
    "fields": {
      "type": "HOME",
      "description": "Favor 34",
      "publication_date": "2025-04-24T15:53:24.709Z",
      "deadline": "2025-06-01T15:53:21Z",
      "status": "PENDING",
      "creator": 1,
      "assigned_user": null,
      "points": 10,
      "title": "Favor 34",
      "district": 1
    }
  },
  {
    "model": "favor.favor",
    "pk": 35,
    "fields": {
      "type": "HOME",
      "description": "Favor 35",
      "publication_date": "2025-04-24T15:54:59.265Z",
      "deadline": "2025-06-01T15:54:51Z",
      "status": "PENDING",
      "creator": 1,
      "assigned_user": null,
      "points": 10,
      "title": "Favor 35",
      "district": 1
    }
  },
  {
    "model": "favor.favor",
    "pk": 36,
    "fields": {
      "type": "COOKING",
      "description": "Favor 36",
      "publication_date": "2025-04-24T16:28:38.936Z",
      "deadline": "2025-06-27T00:00:00Z",
      "status": "PENDING",
      "creator": 1,
      "assigned_user": null,
      "points": 10,
      "title": "Favor 36",
      "district": 1
    }
  },
  {
    "model": "favor.favor",
    "pk": 37,
    "fields": {
      "type": "COOKING",
      "description": "Favor 37",
      "publication_date": "2025-04-24T20:19:22.355Z",
      "deadline": "2025-06-26T00:00:00Z",
      "status": "PENDING",
      "creator": 1,
      "assigned_user": null,
      "points": 10,
      "title": "Favor 37",
      "district": 1
    }
  },
  {
    "model": "favor.favor",
    "pk": 38,
    "fields": {
      "type": "COOKING",
      "description": "Favor 38",
      "publication_date": "2025-04-24T20:19:33.566Z",
      "deadline": "2025-06-26T00:00:00Z",
      "status": "PENDING",
      "creator": 1,
      "assigned_user": null,
      "points": 10,
      "title": "Favor 38",
      "district": 1
    }
  },
  {
    "model": "favor.favor",
    "pk": 39,
    "fields": {
      "type": "COOKING",
      "description": "Favor 39",
      "publication_date": "2025-04-24T20:37:12.606Z",
      "deadline": "2025-06-26T00:00:00Z",
      "status": "PENDING",
      "creator": 1,
      "assigned_user": null,
      "points": 10,
      "title": "Favor 39",
      "district": 1
    }
  },
  {
    "model": "favor.favor",
    "pk": 40,
    "fields": {
      "type": "COOKING",
      "description": "Favor 40",
      "publication_date": "2025-04-24T20:37:18.124Z",
      "deadline": "2025-06-26T00:00:00Z",
      "status": "PENDING",
      "creator": 1,
      "assigned_user": null,
      "points": 10,
      "title": "Favor 40",
      "district": 1
    }
  },
  {
    "model": "transaction.transaction",
    "pk": 1,
    "fields": {
      "user": 2,
      "favor": 7,
      "transaction_type": "SPEND",
      "amount": 10,
      "date_created": "2025-04-09T15:19:07.613Z"
    }
  },
  {
    "model": "transaction.transaction",
    "pk": 2,
    "fields": {
      "user": 2,
      "favor": 8,
      "transaction_type": "SPEND",
      "amount": 10,
      "date_created": "2025-04-09T15:20:47.279Z"
    }
  },
  {
    "model": "transaction.transaction",
    "pk": 3,
    "fields": {
      "user": 2,
      "favor": 9,
      "transaction_type": "SPEND",
      "amount": 10,
      "date_created": "2025-04-09T15:39:22.677Z"
    }
  },
  {
    "model": "transaction.transaction",
    "pk": 4,
    "fields": {
      "user": 2,
      "favor": 10,
      "transaction_type": "SPEND",
      "amount": 10,
      "date_created": "2025-04-09T15:39:43.975Z"
    }
  },
  {
    "model": "transaction.transaction",
    "pk": 5,
    "fields": {
      "user": 2,
      "favor": 11,
      "transaction_type": "SPEND",
      "amount": 10,
      "date_created": "2025-04-09T15:40:35.747Z"
    }
  },
  {
    "model": "transaction.transaction",
    "pk": 6,
    "fields": {
      "user": 2,
      "favor": 12,
      "transaction_type": "SPEND",
      "amount": 10,
      "date_created": "2025-04-10T10:20:00Z"
    }
  },
  {
    "model": "transaction.transaction",
    "pk": 7,
    "fields": {
      "user": 2,
      "favor": 13,
      "transaction_type": "SPEND",
      "amount": 10,
      "date_created": "2025-04-10T10:25:00Z"
    }
  },
  {
    "model": "transaction.transaction",
    "pk": 8,
    "fields": {
      "user": 2,
      "favor": 14,
      "transaction_type": "SPEND",
      "amount": 10,
      "date_created": "2025-04-10T10:30:00Z"
    }
  },
  {
    "model": "transaction.transaction",
    "pk": 9,
    "fields": {
      "user": 2,
      "favor": 15,
      "transaction_type": "SPEND",
      "amount": 10,
      "date_created": "2025-04-10T10:35:00Z"
    }
  },
  {
    "model": "transaction.transaction",
    "pk": 10,
    "fields": {
      "user": 2,
      "favor": 16,
      "transaction_type": "SPEND",
      "amount": 10,
      "date_created": "2025-04-10T10:40:00Z"
    }
  },
  {
    "model": "transaction.transaction",
    "pk": 11,
    "fields": {
      "user": 3,
      "favor": 17,
      "transaction_type": "SPEND",
      "amount": 10,
      "date_created": "2025-04-10T10:45:00Z"
    }
  },
  {
    "model": "transaction.transaction",
    "pk": 12,
    "fields": {
      "user": 3,
      "favor": 18,
      "transaction_type": "SPEND",
      "amount": 10,
      "date_created": "2025-04-10T10:50:00Z"
    }
  },
  {
    "model": "transaction.transaction",
    "pk": 13,
    "fields": {
      "user": 3,
      "favor": 19,
      "transaction_type": "SPEND",
      "amount": 10,
      "date_created": "2025-04-10T10:55:00Z"
    }
  },
  {
    "model": "transaction.transaction",
    "pk": 14,
    "fields": {
      "user": 3,
      "favor": 20,
      "transaction_type": "SPEND",
      "amount": 10,
      "date_created": "2025-04-16T17:08:11.171Z"
    }
  },
  {
    "model": "transaction.transaction",
    "pk": 15,
    "fields": {
      "user": 3,
      "favor": 21,
      "transaction_type": "SPEND",
      "amount": 10,
      "date_created": "2025-04-16T22:14:41.029Z"
    }
  },
  {
    "model": "transaction.transaction",
    "pk": 16,
    "fields": {
      "user": 4,
      "favor": 22,
      "transaction_type": "SPEND",
      "amount": 10,
      "date_created": "2025-04-16T22:18:01.562Z"
    }
  },
  {
    "model": "transaction.transaction",
    "pk": 17,
    "fields": {
      "user": 4,
      "favor": 23,
      "transaction_type": "SPEND",
      "amount": 10,
      "date_created": "2025-04-16T22:20:21.322Z"
    }
  },
  {
    "model": "transaction.transaction",
    "pk": 18,
    "fields": {
      "user": 4,
      "favor": 24,
      "transaction_type": "SPEND",
      "amount": 10,
      "date_created": "2025-04-16T22:23:02.163Z"
    }
  },
  {
    "model": "transaction.transaction",
    "pk": 19,
    "fields": {
      "user": 4,
      "favor": 25,
      "transaction_type": "SPEND",
      "amount": 10,
      "date_created": "2025-04-20T23:29:49.933Z"
    }
  },
  {
    "model": "transaction.transaction",
    "pk": 20,
    "fields": {
      "user": 4,
      "favor": 26,
      "transaction_type": "SPEND",
      "amount": 10,
      "date_created": "2025-04-20T23:38:32.480Z"
    }
  },
  {
    "model": "transaction.transaction",
    "pk": 21,
    "fields": {
      "user": 1,
      "favor": 27,
      "transaction_type": "SPEND",
      "amount": 10,
      "date_created": "2025-04-24T15:31:34.189Z"
    }
  },
  {
    "model": "transaction.transaction",
    "pk": 22,
    "fields": {
      "user": 1,
      "favor": 28,
      "transaction_type": "SPEND",
      "amount": 10,
      "date_created": "2025-04-24T15:38:14.844Z"
    }
  },
  {
    "model": "transaction.transaction",
    "pk": 23,
    "fields": {
      "user": 1,
      "favor": 29,
      "transaction_type": "SPEND",
      "amount": 10,
      "date_created": "2025-04-24T15:44:05.351Z"
    }
  },
  {
    "model": "transaction.transaction",
    "pk": 24,
    "fields": {
      "user": 1,
      "favor": 30,
      "transaction_type": "SPEND",
      "amount": 10,
      "date_created": "2025-04-24T15:44:36.323Z"
    }
  },
  {
    "model": "transaction.transaction",
    "pk": 25,
    "fields": {
      "user": 1,
      "favor": 31,
      "transaction_type": "SPEND",
      "amount": 10,
      "date_created": "2025-04-24T15:45:35.603Z"
    }
  },
  {
    "model": "transaction.transaction",
    "pk": 26,
    "fields": {
      "user": 1,
      "favor": 32,
      "transaction_type": "SPEND",
      "amount": 10,
      "date_created": "2025-04-24T15:46:35.530Z"
    }
  },
  {
    "model": "transaction.transaction",
    "pk": 27,
    "fields": {
      "user": 1,
      "favor": 33,
      "transaction_type": "SPEND",
      "amount": 10,
      "date_created": "2025-04-24T15:47:15.435Z"
    }
  },
  {
    "model": "transaction.transaction",
    "pk": 28,
    "fields": {
      "user": 1,
      "favor": 34,
      "transaction_type": "SPEND",
      "amount": 10,
      "date_created": "2025-04-24T15:53:24.709Z"
    }
  },
  {
    "model": "transaction.transaction",
    "pk": 29,
    "fields": {
      "user": 1,
      "favor": 35,
      "transaction_type": "SPEND",
      "amount": 10,
      "date_created": "2025-04-24T15:54:59.265Z"
    }
  },
  {
    "model": "transaction.transaction",
    "pk": 30,
    "fields": {
      "user": 1,
      "favor": 36,
      "transaction_type": "SPEND",
      "amount": 10,
      "date_created": "2025-04-24T16:28:38.936Z"
    }
  },
  {
    "model": "transaction.transaction",
    "pk": 31,
    "fields": {
      "user": 1,
      "favor": 37,
      "transaction_type": "SPEND",
      "amount": 10,
      "date_created": "2025-04-24T20:19:22.355Z"
    }
  },
  {
    "model": "transaction.transaction",
    "pk": 32,
    "fields": {
      "user": 1,
      "favor": 38,
      "transaction_type": "SPEND",
      "amount": 10,
      "date_created": "2025-04-24T20:19:33.566Z"
    }
  },
  {
    "model": "transaction.transaction",
    "pk": 33,
    "fields": {
      "user": 1,
      "favor": 39,
      "transaction_type": "SPEND",
      "amount": 10,
      "date_created": "2025-04-24T20:37:12.606Z"
    }
  },
  {
    "model": "transaction.transaction",
    "pk": 34,
    "fields": {
      "user": 1,
      "favor": 40,
      "transaction_type": "SPEND",
      "amount": 10,
      "date_created": "2025-04-24T20:37:18.124Z"
    }
  }
]